id,name,amount,event_time,source_file
1,user_1,343,2026-04-08T16:41:47.642999,input1
2,user_2,190,2026-04-08T16:41:48.642999,input1
3,user_3,772,2026-04-08T16:41:49.642999,input1
4,user_4,236,2026-04-08T16:41:50.642999,input1
5,user_5,790,2026-04-08T16:41:51.642999,input1
6,user_6,377,2026-04-08T16:41:52.642999,input1
7,user_7,553,2026-04-08T16:41:53.642999,input1
8,user_8,382,2026-04-08T16:41:54.642999,input1
9,user_9,598,2026-04-08T16:41:55.642999,input1
10,user_10,849,2026-04-08T16:41:56.642999,input1
11,user_11,655,2026-04-08T16:41:57.642999,input1
12,user_12,859,2026-04-08T16:41:58.642999,input1
13,user_13,269,2026-04-08T16:41:59.642999,input1
14,user_14,317,2026-04-08T16:42:00.642999,input1
15,user_15,551,2026-04-08T16:42:01.642999,input1
16,user_16,956,2026-04-08T16:42:02.642999,input1
17,user_17,561,2026-04-08T16:42:03.642999,input1
18,user_18,833,2026-04-08T16:42:04.642999,input1
19,user_19,770,2026-04-08T16:42:05.642999,input1
20,user_20,814,2026-04-08T16:42:06.642999,input1
21,user_21,904,2026-04-08T16:42:07.642999,input1
22,user_22,968,2026-04-08T16:42:08.642999,input1
23,user_23,520,2026-04-08T16:42:09.642999,input1
24,user_24,852,2026-04-08T16:42:10.642999,input1
25,user_25,351,2026-04-08T16:42:11.642999,input1
26,user_26,105,2026-04-08T16:42:12.642999,input1
27,user_27,492,2026-04-08T16:42:13.642999,input1
28,user_28,300,2026-04-08T16:42:14.642999,input1
29,user_29,532,2026-04-08T16:42:15.642999,input1
30,user_30,306,2026-04-08T16:42:16.642999,input1
31,user_31,166,2026-04-08T16:42:17.642999,input1
32,user_32,829,2026-04-08T16:42:18.642999,input1
33,user_33,986,2026-04-08T16:42:19.642999,input1
34,user_34,465,2026-04-08T16:42:20.642999,input1
35,user_35,188,2026-04-08T16:42:21.642999,input1
36,user_36,424,2026-04-08T16:42:22.642999,input1
37,user_37,631,2026-04-08T16:42:23.642999,input1
38,user_38,164,2026-04-08T16:42:24.642999,input1
39,user_39,611,2026-04-08T16:42:25.642999,input1
40,user_40,502,2026-04-08T16:42:26.642999,input1
41,user_41,198,2026-04-08T16:42:27.642999,input1
42,user_42,552,2026-04-08T16:42:28.642999,input1
43,user_43,913,2026-04-08T16:42:29.642999,input1
44,user_44,326,2026-04-08T16:42:30.642999,input1
45,user_45,804,2026-04-08T16:42:31.642999,input1
46,user_46,488,2026-04-08T16:42:32.642999,input1
47,user_47,841,2026-04-08T16:42:33.642999,input1
48,user_48,235,2026-04-08T16:42:34.642999,input1
49,user_49,614,2026-04-08T16:42:35.642999,input1
50,user_50,719,2026-04-08T16:42:36.642999,input1
51,user_51,637,2026-04-08T16:42:37.642999,input1
52,user_52,914,2026-04-08T16:42:38.642999,input1
53,user_53,552,2026-04-08T16:42:39.642999,input1
54,user_54,738,2026-04-08T16:42:40.642999,input1
55,user_55,136,2026-04-08T16:42:41.642999,input1
56,user_56,398,2026-04-08T16:42:42.642999,input1
57,user_57,827,2026-04-08T16:42:43.642999,input1
58,user_58,374,2026-04-08T16:42:44.642999,input1
59,user_59,843,2026-04-08T16:42:45.642999,input1
60,user_60,404,2026-04-08T16:42:46.642999,input1
61,user_61,691,2026-04-08T16:42:47.642999,input1
62,user_62,422,2026-04-08T16:42:48.642999,input1
63,user_63,737,2026-04-08T16:42:49.642999,input1
64,user_64,732,2026-04-08T16:42:50.642999,input1
65,user_65,919,2026-04-08T16:42:51.642999,input1
66,user_66,215,2026-04-08T16:42:52.642999,input1
67,user_67,153,2026-04-08T16:42:53.642999,input1
68,user_68,503,2026-04-08T16:42:54.642999,input1
69,user_69,565,2026-04-08T16:42:55.642999,input1
70,user_70,453,2026-04-08T16:42:56.642999,input1
71,user_71,987,2026-04-08T16:42:57.642999,input1
72,user_72,366,2026-04-08T16:42:58.642999,input1
73,user_73,391,2026-04-08T16:42:59.642999,input1
74,user_74,775,2026-04-08T16:43:00.642999,input1
75,user_75,196,2026-04-08T16:43:01.642999,input1
76,user_76,250,2026-04-08T16:43:02.642999,input1
77,user_77,137,2026-04-08T16:43:03.642999,input1
78,user_78,255,2026-04-08T16:43:04.642999,input1
79,user_79,282,2026-04-08T16:43:05.642999,input1
80,user_80,323,2026-04-08T16:43:06.642999,input1
81,user_81,568,2026-04-08T16:43:07.642999,input1
82,user_82,377,2026-04-08T16:43:08.642999,input1
83,user_83,980,2026-04-08T16:43:09.642999,input1
84,user_84,381,2026-04-08T16:43:10.642999,input1
85,user_85,241,2026-04-08T16:43:11.642999,input1
86,user_86,392,2026-04-08T16:43:12.642999,input1
87,user_87,565,2026-04-08T16:43:13.642999,input1
88,user_88,211,2026-04-08T16:43:14.642999,input1
89,user_89,794,2026-04-08T16:43:15.642999,input1
90,user_90,373,2026-04-08T16:43:16.642999,input1
91,user_91,641,2026-04-08T16:43:17.642999,input1
92,user_92,190,2026-04-08T16:43:18.642999,input1
93,user_93,392,2026-04-08T16:43:19.642999,input1
94,user_94,216,2026-04-08T16:43:20.642999,input1
95,user_95,626,2026-04-08T16:43:21.642999,input1
96,user_96,689,2026-04-08T16:43:22.642999,input1
97,user_97,581,2026-04-08T16:43:23.642999,input1
98,user_98,447,2026-04-08T16:43:24.642999,input1
99,user_99,766,2026-04-08T16:43:25.642999,input1
100,user_100,209,2026-04-08T16:43:26.642999,input1
101,user_101,577,2026-04-08T16:43:27.642999,input1
102,user_102,555,2026-04-08T16:43:28.642999,input1
103,user_103,819,2026-04-08T16:43:29.642999,input1
104,user_104,998,2026-04-08T16:43:30.642999,input1
105,user_105,483,2026-04-08T16:43:31.642999,input1
106,user_106,480,2026-04-08T16:43:32.642999,input1
107,user_107,816,2026-04-08T16:43:33.642999,input1
108,user_108,759,2026-04-08T16:43:34.642999,input1
109,user_109,648,2026-04-08T16:43:35.642999,input1
110,user_110,598,2026-04-08T16:43:36.642999,input1
111,user_111,486,2026-04-08T16:43:37.642999,input1
112,user_112,541,2026-04-08T16:43:38.642999,input1
113,user_113,286,2026-04-08T16:43:39.642999,input1
114,user_114,546,2026-04-08T16:43:40.642999,input1
115,user_115,280,2026-04-08T16:43:41.642999,input1
116,user_116,657,2026-04-08T16:43:42.642999,input1
117,user_117,132,2026-04-08T16:43:43.642999,input1
118,user_118,808,2026-04-08T16:43:44.642999,input1
119,user_119,772,2026-04-08T16:43:45.642999,input1
120,user_120,781,2026-04-08T16:43:46.642999,input1
121,user_121,488,2026-04-08T16:43:47.642999,input1
122,user_122,648,2026-04-08T16:43:48.642999,input1
123,user_123,777,2026-04-08T16:43:49.642999,input1
124,user_124,606,2026-04-08T16:43:50.642999,input1
125,user_125,962,2026-04-08T16:43:51.642999,input1
126,user_126,479,2026-04-08T16:43:52.642999,input1
127,user_127,990,2026-04-08T16:43:53.642999,input1
128,user_128,343,2026-04-08T16:43:54.642999,input1
129,user_129,312,2026-04-08T16:43:55.642999,input1
130,user_130,182,2026-04-08T16:43:56.642999,input1
131,user_131,619,2026-04-08T16:43:57.642999,input1
132,user_132,329,2026-04-08T16:43:58.642999,input1
133,user_133,691,2026-04-08T16:43:59.642999,input1
134,user_134,448,2026-04-08T16:44:00.642999,input1
135,user_135,160,2026-04-08T16:44:01.642999,input1
136,user_136,823,2026-04-08T16:44:02.642999,input1
137,user_137,847,2026-04-08T16:44:03.642999,input1
138,user_138,951,2026-04-08T16:44:04.642999,input1
139,user_139,329,2026-04-08T16:44:05.642999,input1
140,user_140,224,2026-04-08T16:44:06.642999,input1
141,user_141,915,2026-04-08T16:44:07.642999,input1
142,user_142,284,2026-04-08T16:44:08.642999,input1
143,user_143,241,2026-04-08T16:44:09.642999,input1
144,user_144,658,2026-04-08T16:44:10.642999,input1
145,user_145,438,2026-04-08T16:44:11.642999,input1
146,user_146,441,2026-04-08T16:44:12.642999,input1
147,user_147,219,2026-04-08T16:44:13.642999,input1
148,user_148,943,2026-04-08T16:44:14.642999,input1
149,user_149,195,2026-04-08T16:44:15.642999,input1
150,user_150,255,2026-04-08T16:44:16.642999,input1
151,user_151,150,2026-04-08T16:44:17.642999,input1
152,user_152,541,2026-04-08T16:44:18.642999,input1
153,user_153,452,2026-04-08T16:44:19.642999,input1
154,user_154,917,2026-04-08T16:44:20.642999,input1
155,user_155,675,2026-04-08T16:44:21.642999,input1
156,user_156,723,2026-04-08T16:44:22.642999,input1
157,user_157,530,2026-04-08T16:44:23.642999,input1
158,user_158,640,2026-04-08T16:44:24.642999,input1
159,user_159,727,2026-04-08T16:44:25.642999,input1
160,user_160,167,2026-04-08T16:44:26.642999,input1
161,user_161,417,2026-04-08T16:44:27.642999,input1
162,user_162,950,2026-04-08T16:44:28.642999,input1
163,user_163,699,2026-04-08T16:44:29.642999,input1
164,user_164,227,2026-04-08T16:44:30.642999,input1
165,user_165,852,2026-04-08T16:44:31.642999,input1
166,user_166,708,2026-04-08T16:44:32.642999,input1
167,user_167,953,2026-04-08T16:44:33.642999,input1
168,user_168,529,2026-04-08T16:44:34.642999,input1
169,user_169,466,2026-04-08T16:44:35.642999,input1
170,user_170,331,2026-04-08T16:44:36.642999,input1
171,user_171,549,2026-04-08T16:44:37.642999,input1
172,user_172,169,2026-04-08T16:44:38.642999,input1
173,user_173,770,2026-04-08T16:44:39.642999,input1
174,user_174,614,2026-04-08T16:44:40.642999,input1
175,user_175,519,2026-04-08T16:44:41.642999,input1
176,user_176,882,2026-04-08T16:44:42.642999,input1
177,user_177,104,2026-04-08T16:44:43.642999,input1
178,user_178,207,2026-04-08T16:44:44.642999,input1
179,user_179,672,2026-04-08T16:44:45.642999,input1
180,user_180,340,2026-04-08T16:44:46.642999,input1
181,user_181,358,2026-04-08T16:44:47.642999,input1
182,user_182,224,2026-04-08T16:44:48.642999,input1
183,user_183,910,2026-04-08T16:44:49.642999,input1
184,user_184,686,2026-04-08T16:44:50.642999,input1
185,user_185,512,2026-04-08T16:44:51.642999,input1
186,user_186,228,2026-04-08T16:44:52.642999,input1
187,user_187,340,2026-04-08T16:44:53.642999,input1
188,user_188,811,2026-04-08T16:44:54.642999,input1
189,user_189,184,2026-04-08T16:44:55.642999,input1
190,user_190,445,2026-04-08T16:44:56.642999,input1
191,user_191,202,2026-04-08T16:44:57.642999,input1
192,user_192,551,2026-04-08T16:44:58.642999,input1
193,user_193,198,2026-04-08T16:44:59.642999,input1
194,user_194,995,2026-04-08T16:45:00.642999,input1
195,user_195,682,2026-04-08T16:45:01.642999,input1
196,user_196,466,2026-04-08T16:45:02.642999,input1
197,user_197,815,2026-04-08T16:45:03.642999,input1
198,user_198,514,2026-04-08T16:45:04.642999,input1
199,user_199,150,2026-04-08T16:45:05.642999,input1
200,user_200,281,2026-04-08T16:45:06.642999,input1
201,user_201,186,2026-04-08T16:45:07.642999,input1
202,user_202,769,2026-04-08T16:45:08.642999,input1
203,user_203,682,2026-04-08T16:45:09.642999,input1
204,user_204,792,2026-04-08T16:45:10.642999,input1
205,user_205,724,2026-04-08T16:45:11.642999,input1
206,user_206,899,2026-04-08T16:45:12.642999,input1
207,user_207,227,2026-04-08T16:45:13.642999,input1
208,user_208,476,2026-04-08T16:45:14.642999,input1
209,user_209,600,2026-04-08T16:45:15.642999,input1
210,user_210,298,2026-04-08T16:45:16.642999,input1
211,user_211,897,2026-04-08T16:45:17.642999,input1
212,user_212,796,2026-04-08T16:45:18.642999,input1
213,user_213,911,2026-04-08T16:45:19.642999,input1
214,user_214,666,2026-04-08T16:45:20.642999,input1
215,user_215,453,2026-04-08T16:45:21.642999,input1
216,user_216,339,2026-04-08T16:45:22.642999,input1
217,user_217,536,2026-04-08T16:45:23.642999,input1
218,user_218,836,2026-04-08T16:45:24.642999,input1
219,user_219,561,2026-04-08T16:45:25.642999,input1
220,user_220,559,2026-04-08T16:45:26.642999,input1
221,user_221,442,2026-04-08T16:45:27.642999,input1
222,user_222,484,2026-04-08T16:45:28.642999,input1
223,user_223,263,2026-04-08T16:45:29.642999,input1
224,user_224,954,2026-04-08T16:45:30.642999,input1
225,user_225,356,2026-04-08T16:45:31.642999,input1
226,user_226,919,2026-04-08T16:45:32.642999,input1
227,user_227,408,2026-04-08T16:45:33.642999,input1
228,user_228,773,2026-04-08T16:45:34.642999,input1
229,user_229,705,2026-04-08T16:45:35.642999,input1
230,user_230,478,2026-04-08T16:45:36.642999,input1
231,user_231,480,2026-04-08T16:45:37.642999,input1
232,user_232,761,2026-04-08T16:45:38.642999,input1
233,user_233,896,2026-04-08T16:45:39.642999,input1
234,user_234,743,2026-04-08T16:45:40.642999,input1
235,user_235,578,2026-04-08T16:45:41.642999,input1
236,user_236,655,2026-04-08T16:45:42.642999,input1
237,user_237,782,2026-04-08T16:45:43.642999,input1
238,user_238,638,2026-04-08T16:45:44.642999,input1
239,user_239,447,2026-04-08T16:45:45.642999,input1
240,user_240,964,2026-04-08T16:45:46.642999,input1
241,user_241,217,2026-04-08T16:45:47.642999,input1
242,user_242,836,2026-04-08T16:45:48.642999,input1
243,user_243,653,2026-04-08T16:45:49.642999,input1
244,user_244,209,2026-04-08T16:45:50.642999,input1
245,user_245,614,2026-04-08T16:45:51.642999,input1
246,user_246,432,2026-04-08T16:45:52.642999,input1
247,user_247,454,2026-04-08T16:45:53.642999,input1
248,user_248,914,2026-04-08T16:45:54.642999,input1
249,user_249,499,2026-04-08T16:45:55.642999,input1
250,user_250,641,2026-04-08T16:45:56.642999,input1
251,user_251,547,2026-04-08T16:45:57.642999,input1
252,user_252,282,2026-04-08T16:45:58.642999,input1
253,user_253,423,2026-04-08T16:45:59.642999,input1
254,user_254,435,2026-04-08T16:46:00.642999,input1
255,user_255,152,2026-04-08T16:46:01.642999,input1
256,user_256,494,2026-04-08T16:46:02.642999,input1
257,user_257,868,2026-04-08T16:46:03.642999,input1
258,user_258,860,2026-04-08T16:46:04.642999,input1
259,user_259,626,2026-04-08T16:46:05.642999,input1
260,user_260,859,2026-04-08T16:46:06.642999,input1
261,user_261,846,2026-04-08T16:46:07.642999,input1
262,user_262,985,2026-04-08T16:46:08.642999,input1
263,user_263,686,2026-04-08T16:46:09.642999,input1
264,user_264,940,2026-04-08T16:46:10.642999,input1
265,user_265,313,2026-04-08T16:46:11.642999,input1
266,user_266,777,2026-04-08T16:46:12.642999,input1
267,user_267,855,2026-04-08T16:46:13.642999,input1
268,user_268,726,2026-04-08T16:46:14.642999,input1
269,user_269,234,2026-04-08T16:46:15.642999,input1
270,user_270,851,2026-04-08T16:46:16.642999,input1
271,user_271,656,2026-04-08T16:46:17.642999,input1
272,user_272,102,2026-04-08T16:46:18.642999,input1
273,user_273,874,2026-04-08T16:46:19.642999,input1
274,user_274,425,2026-04-08T16:46:20.642999,input1
275,user_275,219,2026-04-08T16:46:21.642999,input1
276,user_276,280,2026-04-08T16:46:22.642999,input1
277,user_277,507,2026-04-08T16:46:23.642999,input1
278,user_278,450,2026-04-08T16:46:24.642999,input1
279,user_279,261,2026-04-08T16:46:25.642999,input1
280,user_280,282,2026-04-08T16:46:26.642999,input1
281,user_281,125,2026-04-08T16:46:27.642999,input1
282,user_282,694,2026-04-08T16:46:28.642999,input1
283,user_283,673,2026-04-08T16:46:29.642999,input1
284,user_284,299,2026-04-08T16:46:30.642999,input1
285,user_285,626,2026-04-08T16:46:31.642999,input1
286,user_286,557,2026-04-08T16:46:32.642999,input1
287,user_287,857,2026-04-08T16:46:33.642999,input1
288,user_288,968,2026-04-08T16:46:34.642999,input1
289,user_289,986,2026-04-08T16:46:35.642999,input1
290,user_290,127,2026-04-08T16:46:36.642999,input1
291,user_291,724,2026-04-08T16:46:37.642999,input1
292,user_292,407,2026-04-08T16:46:38.642999,input1
293,user_293,824,2026-04-08T16:46:39.642999,input1
294,user_294,726,2026-04-08T16:46:40.642999,input1
295,user_295,872,2026-04-08T16:46:41.642999,input1
296,user_296,903,2026-04-08T16:46:42.642999,input1
297,user_297,381,2026-04-08T16:46:43.642999,input1
298,user_298,558,2026-04-08T16:46:44.642999,input1
299,user_299,886,2026-04-08T16:46:45.642999,input1
300,user_300,409,2026-04-08T16:46:46.642999,input1
301,user_301,913,2026-04-08T16:46:47.642999,input1
302,user_302,625,2026-04-08T16:46:48.642999,input1
303,user_303,278,2026-04-08T16:46:49.642999,input1
304,user_304,293,2026-04-08T16:46:50.642999,input1
305,user_305,129,2026-04-08T16:46:51.642999,input1
306,user_306,679,2026-04-08T16:46:52.642999,input1
307,user_307,299,2026-04-08T16:46:53.642999,input1
308,user_308,127,2026-04-08T16:46:54.642999,input1
309,user_309,630,2026-04-08T16:46:55.642999,input1
310,user_310,562,2026-04-08T16:46:56.642999,input1
311,user_311,331,2026-04-08T16:46:57.642999,input1
312,user_312,609,2026-04-08T16:46:58.642999,input1
313,user_313,264,2026-04-08T16:46:59.642999,input1
314,user_314,589,2026-04-08T16:47:00.642999,input1
315,user_315,843,2026-04-08T16:47:01.642999,input1
316,user_316,383,2026-04-08T16:47:02.642999,input1
317,user_317,440,2026-04-08T16:47:03.642999,input1
318,user_318,792,2026-04-08T16:47:04.642999,input1
319,user_319,829,2026-04-08T16:47:05.642999,input1
320,user_320,251,2026-04-08T16:47:06.642999,input1
321,user_321,813,2026-04-08T16:47:07.642999,input1
322,user_322,796,2026-04-08T16:47:08.642999,input1
323,user_323,858,2026-04-08T16:47:09.642999,input1
324,user_324,828,2026-04-08T16:47:10.642999,input1
325,user_325,823,2026-04-08T16:47:11.642999,input1
326,user_326,208,2026-04-08T16:47:12.642999,input1
327,user_327,128,2026-04-08T16:47:13.642999,input1
328,user_328,432,2026-04-08T16:47:14.642999,input1
329,user_329,236,2026-04-08T16:47:15.642999,input1
330,user_330,636,2026-04-08T16:47:16.642999,input1
331,user_331,775,2026-04-08T16:47:17.642999,input1
332,user_332,757,2026-04-08T16:47:18.642999,input1
333,user_333,886,2026-04-08T16:47:19.642999,input1
334,user_334,884,2026-04-08T16:47:20.642999,input1
335,user_335,684,2026-04-08T16:47:21.642999,input1
336,user_336,987,2026-04-08T16:47:22.642999,input1
337,user_337,350,2026-04-08T16:47:23.642999,input1
338,user_338,474,2026-04-08T16:47:24.642999,input1
339,user_339,535,2026-04-08T16:47:25.642999,input1
340,user_340,202,2026-04-08T16:47:26.642999,input1
341,user_341,265,2026-04-08T16:47:27.642999,input1
342,user_342,295,2026-04-08T16:47:28.642999,input1
343,user_343,916,2026-04-08T16:47:29.642999,input1
344,user_344,909,2026-04-08T16:47:30.642999,input1
345,user_345,272,2026-04-08T16:47:31.642999,input1
346,user_346,522,2026-04-08T16:47:32.642999,input1
347,user_347,334,2026-04-08T16:47:33.642999,input1
348,user_348,446,2026-04-08T16:47:34.642999,input1
349,user_349,593,2026-04-08T16:47:35.642999,input1
350,user_350,131,2026-04-08T16:47:36.642999,input1
351,user_351,140,2026-04-08T16:47:37.642999,input1
352,user_352,320,2026-04-08T16:47:38.642999,input1
353,user_353,935,2026-04-08T16:47:39.642999,input1
354,user_354,930,2026-04-08T16:47:40.642999,input1
355,user_355,552,2026-04-08T16:47:41.642999,input1
356,user_356,598,2026-04-08T16:47:42.642999,input1
357,user_357,404,2026-04-08T16:47:43.642999,input1
358,user_358,403,2026-04-08T16:47:44.642999,input1
359,user_359,485,2026-04-08T16:47:45.642999,input1
360,user_360,658,2026-04-08T16:47:46.642999,input1
361,user_361,748,2026-04-08T16:47:47.642999,input1
362,user_362,725,2026-04-08T16:47:48.642999,input1
363,user_363,150,2026-04-08T16:47:49.642999,input1
364,user_364,385,2026-04-08T16:47:50.642999,input1
365,user_365,504,2026-04-08T16:47:51.642999,input1
366,user_366,973,2026-04-08T16:47:52.642999,input1
367,user_367,834,2026-04-08T16:47:53.642999,input1
368,user_368,516,2026-04-08T16:47:54.642999,input1
369,user_369,652,2026-04-08T16:47:55.642999,input1
370,user_370,752,2026-04-08T16:47:56.642999,input1
371,user_371,969,2026-04-08T16:47:57.642999,input1
372,user_372,752,2026-04-08T16:47:58.642999,input1
373,user_373,974,2026-04-08T16:47:59.642999,input1
374,user_374,416,2026-04-08T16:48:00.642999,input1
375,user_375,225,2026-04-08T16:48:01.642999,input1
376,user_376,637,2026-04-08T16:48:02.642999,input1
377,user_377,545,2026-04-08T16:48:03.642999,input1
378,user_378,219,2026-04-08T16:48:04.642999,input1
379,user_379,511,2026-04-08T16:48:05.642999,input1
380,user_380,190,2026-04-08T16:48:06.642999,input1
381,user_381,537,2026-04-08T16:48:07.642999,input1
382,user_382,241,2026-04-08T16:48:08.642999,input1
383,user_383,190,2026-04-08T16:48:09.642999,input1
384,user_384,724,2026-04-08T16:48:10.642999,input1
385,user_385,591,2026-04-08T16:48:11.642999,input1
386,user_386,770,2026-04-08T16:48:12.642999,input1
387,user_387,531,2026-04-08T16:48:13.642999,input1
388,user_388,152,2026-04-08T16:48:14.642999,input1
389,user_389,687,2026-04-08T16:48:15.642999,input1
390,user_390,362,2026-04-08T16:48:16.642999,input1
391,user_391,257,2026-04-08T16:48:17.642999,input1
392,user_392,309,2026-04-08T16:48:18.642999,input1
393,user_393,338,2026-04-08T16:48:19.642999,input1
394,user_394,233,2026-04-08T16:48:20.642999,input1
395,user_395,991,2026-04-08T16:48:21.642999,input1
396,user_396,392,2026-04-08T16:48:22.642999,input1
397,user_397,719,2026-04-08T16:48:23.642999,input1
398,user_398,756,2026-04-08T16:48:24.642999,input1
399,user_399,831,2026-04-08T16:48:25.642999,input1
400,user_400,700,2026-04-08T16:48:26.642999,input1
401,user_401,543,2026-04-08T16:48:27.642999,input1
402,user_402,151,2026-04-08T16:48:28.642999,input1
403,user_403,494,2026-04-08T16:48:29.642999,input1
404,user_404,410,2026-04-08T16:48:30.642999,input1
405,user_405,940,2026-04-08T16:48:31.642999,input1
406,user_406,534,2026-04-08T16:48:32.642999,input1
407,user_407,398,2026-04-08T16:48:33.642999,input1
408,user_408,937,2026-04-08T16:48:34.642999,input1
409,user_409,558,2026-04-08T16:48:35.642999,input1
410,user_410,481,2026-04-08T16:48:36.642999,input1
411,user_411,488,2026-04-08T16:48:37.642999,input1
412,user_412,289,2026-04-08T16:48:38.642999,input1
413,user_413,668,2026-04-08T16:48:39.642999,input1
414,user_414,861,2026-04-08T16:48:40.642999,input1
415,user_415,424,2026-04-08T16:48:41.642999,input1
416,user_416,828,2026-04-08T16:48:42.642999,input1
417,user_417,928,2026-04-08T16:48:43.642999,input1
418,user_418,672,2026-04-08T16:48:44.642999,input1
419,user_419,823,2026-04-08T16:48:45.642999,input1
420,user_420,471,2026-04-08T16:48:46.642999,input1
421,user_421,880,2026-04-08T16:48:47.642999,input1
422,user_422,530,2026-04-08T16:48:48.642999,input1
423,user_423,804,2026-04-08T16:48:49.642999,input1
424,user_424,233,2026-04-08T16:48:50.642999,input1
425,user_425,202,2026-04-08T16:48:51.642999,input1
426,user_426,394,2026-04-08T16:48:52.642999,input1
427,user_427,659,2026-04-08T16:48:53.642999,input1
428,user_428,133,2026-04-08T16:48:54.642999,input1
429,user_429,737,2026-04-08T16:48:55.642999,input1
430,user_430,902,2026-04-08T16:48:56.642999,input1
431,user_431,598,2026-04-08T16:48:57.642999,input1
432,user_432,280,2026-04-08T16:48:58.642999,input1
433,user_433,424,2026-04-08T16:48:59.642999,input1
434,user_434,399,2026-04-08T16:49:00.642999,input1
435,user_435,999,2026-04-08T16:49:01.642999,input1
436,user_436,224,2026-04-08T16:49:02.642999,input1
437,user_437,408,2026-04-08T16:49:03.642999,input1
438,user_438,832,2026-04-08T16:49:04.642999,input1
439,user_439,175,2026-04-08T16:49:05.642999,input1
440,user_440,784,2026-04-08T16:49:06.642999,input1
441,user_441,500,2026-04-08T16:49:07.642999,input1
442,user_442,798,2026-04-08T16:49:08.642999,input1
443,user_443,422,2026-04-08T16:49:09.642999,input1
444,user_444,162,2026-04-08T16:49:10.642999,input1
445,user_445,805,2026-04-08T16:49:11.642999,input1
446,user_446,675,2026-04-08T16:49:12.642999,input1
447,user_447,764,2026-04-08T16:49:13.642999,input1
448,user_448,974,2026-04-08T16:49:14.642999,input1
449,user_449,300,2026-04-08T16:49:15.642999,input1
450,user_450,938,2026-04-08T16:49:16.642999,input1
451,user_451,825,2026-04-08T16:49:17.642999,input1
452,user_452,430,2026-04-08T16:49:18.642999,input1
453,user_453,506,2026-04-08T16:49:19.642999,input1
454,user_454,150,2026-04-08T16:49:20.642999,input1
455,user_455,102,2026-04-08T16:49:21.642999,input1
456,user_456,855,2026-04-08T16:49:22.642999,input1
457,user_457,993,2026-04-08T16:49:23.642999,input1
458,user_458,341,2026-04-08T16:49:24.642999,input1
459,user_459,421,2026-04-08T16:49:25.642999,input1
460,user_460,116,2026-04-08T16:49:26.642999,input1
461,user_461,273,2026-04-08T16:49:27.642999,input1
462,user_462,143,2026-04-08T16:49:28.642999,input1
463,user_463,306,2026-04-08T16:49:29.642999,input1
464,user_464,436,2026-04-08T16:49:30.642999,input1
465,user_465,479,2026-04-08T16:49:31.642999,input1
466,user_466,521,2026-04-08T16:49:32.642999,input1
467,user_467,448,2026-04-08T16:49:33.642999,input1
468,user_468,424,2026-04-08T16:49:34.642999,input1
469,user_469,259,2026-04-08T16:49:35.642999,input1
470,user_470,446,2026-04-08T16:49:36.642999,input1
471,user_471,896,2026-04-08T16:49:37.642999,input1
472,user_472,754,2026-04-08T16:49:38.642999,input1
473,user_473,448,2026-04-08T16:49:39.642999,input1
474,user_474,601,2026-04-08T16:49:40.642999,input1
475,user_475,304,2026-04-08T16:49:41.642999,input1
476,user_476,871,2026-04-08T16:49:42.642999,input1
477,user_477,801,2026-04-08T16:49:43.642999,input1
478,user_478,130,2026-04-08T16:49:44.642999,input1
479,user_479,385,2026-04-08T16:49:45.642999,input1
480,user_480,657,2026-04-08T16:49:46.642999,input1
481,user_481,311,2026-04-08T16:49:47.642999,input1
482,user_482,748,2026-04-08T16:49:48.642999,input1
483,user_483,498,2026-04-08T16:49:49.642999,input1
484,user_484,545,2026-04-08T16:49:50.642999,input1
485,user_485,809,2026-04-08T16:49:51.642999,input1
486,user_486,712,2026-04-08T16:49:52.642999,input1
487,user_487,621,2026-04-08T16:49:53.642999,input1
488,user_488,639,2026-04-08T16:49:54.642999,input1
489,user_489,254,2026-04-08T16:49:55.642999,input1
490,user_490,169,2026-04-08T16:49:56.642999,input1
491,user_491,553,2026-04-08T16:49:57.642999,input1
492,user_492,278,2026-04-08T16:49:58.642999,input1
493,user_493,789,2026-04-08T16:49:59.642999,input1
494,user_494,989,2026-04-08T16:50:00.642999,input1
495,user_495,385,2026-04-08T16:50:01.642999,input1
496,user_496,140,2026-04-08T16:50:02.642999,input1
497,user_497,138,2026-04-08T16:50:03.642999,input1
498,user_498,383,2026-04-08T16:50:04.642999,input1
499,user_499,588,2026-04-08T16:50:05.642999,input1
500,user_500,984,2026-04-08T16:50:06.642999,input1
501,user_501,240,2026-04-08T16:50:07.642999,input1
502,user_502,705,2026-04-08T16:50:08.642999,input1
503,user_503,696,2026-04-08T16:50:09.642999,input1
504,user_504,577,2026-04-08T16:50:10.642999,input1
505,user_505,417,2026-04-08T16:50:11.642999,input1
506,user_506,245,2026-04-08T16:50:12.642999,input1
507,user_507,851,2026-04-08T16:50:13.642999,input1
508,user_508,127,2026-04-08T16:50:14.642999,input1
509,user_509,390,2026-04-08T16:50:15.642999,input1
510,user_510,281,2026-04-08T16:50:16.642999,input1
511,user_511,127,2026-04-08T16:50:17.642999,input1
512,user_512,272,2026-04-08T16:50:18.642999,input1
513,user_513,517,2026-04-08T16:50:19.642999,input1
514,user_514,269,2026-04-08T16:50:20.642999,input1
515,user_515,717,2026-04-08T16:50:21.642999,input1
516,user_516,362,2026-04-08T16:50:22.642999,input1
517,user_517,906,2026-04-08T16:50:23.642999,input1
518,user_518,968,2026-04-08T16:50:24.642999,input1
519,user_519,367,2026-04-08T16:50:25.642999,input1
520,user_520,296,2026-04-08T16:50:26.642999,input1
521,user_521,254,2026-04-08T16:50:27.642999,input1
522,user_522,810,2026-04-08T16:50:28.642999,input1
523,user_523,755,2026-04-08T16:50:29.642999,input1
524,user_524,309,2026-04-08T16:50:30.642999,input1
525,user_525,574,2026-04-08T16:50:31.642999,input1
526,user_526,971,2026-04-08T16:50:32.642999,input1
527,user_527,140,2026-04-08T16:50:33.642999,input1
528,user_528,190,2026-04-08T16:50:34.642999,input1
529,user_529,846,2026-04-08T16:50:35.642999,input1
530,user_530,447,2026-04-08T16:50:36.642999,input1
531,user_531,504,2026-04-08T16:50:37.642999,input1
532,user_532,105,2026-04-08T16:50:38.642999,input1
533,user_533,828,2026-04-08T16:50:39.642999,input1
534,user_534,284,2026-04-08T16:50:40.642999,input1
535,user_535,866,2026-04-08T16:50:41.642999,input1
536,user_536,966,2026-04-08T16:50:42.642999,input1
537,user_537,820,2026-04-08T16:50:43.642999,input1
538,user_538,586,2026-04-08T16:50:44.642999,input1
539,user_539,537,2026-04-08T16:50:45.642999,input1
540,user_540,747,2026-04-08T16:50:46.642999,input1
541,user_541,851,2026-04-08T16:50:47.642999,input1
542,user_542,936,2026-04-08T16:50:48.642999,input1
543,user_543,750,2026-04-08T16:50:49.642999,input1
544,user_544,881,2026-04-08T16:50:50.642999,input1
545,user_545,279,2026-04-08T16:50:51.642999,input1
546,user_546,880,2026-04-08T16:50:52.642999,input1
547,user_547,638,2026-04-08T16:50:53.642999,input1
548,user_548,695,2026-04-08T16:50:54.642999,input1
549,user_549,382,2026-04-08T16:50:55.642999,input1
550,user_550,790,2026-04-08T16:50:56.642999,input1
551,user_551,548,2026-04-08T16:50:57.642999,input1
552,user_552,662,2026-04-08T16:50:58.642999,input1
553,user_553,388,2026-04-08T16:50:59.642999,input1
554,user_554,762,2026-04-08T16:51:00.642999,input1
555,user_555,708,2026-04-08T16:51:01.642999,input1
556,user_556,218,2026-04-08T16:51:02.642999,input1
557,user_557,933,2026-04-08T16:51:03.642999,input1
558,user_558,138,2026-04-08T16:51:04.642999,input1
559,user_559,825,2026-04-08T16:51:05.642999,input1
560,user_560,673,2026-04-08T16:51:06.642999,input1
561,user_561,222,2026-04-08T16:51:07.642999,input1
562,user_562,603,2026-04-08T16:51:08.642999,input1
563,user_563,905,2026-04-08T16:51:09.642999,input1
564,user_564,180,2026-04-08T16:51:10.642999,input1
565,user_565,867,2026-04-08T16:51:11.642999,input1
566,user_566,678,2026-04-08T16:51:12.642999,input1
567,user_567,601,2026-04-08T16:51:13.642999,input1
568,user_568,508,2026-04-08T16:51:14.642999,input1
569,user_569,431,2026-04-08T16:51:15.642999,input1
570,user_570,902,2026-04-08T16:51:16.642999,input1
571,user_571,773,2026-04-08T16:51:17.642999,input1
572,user_572,915,2026-04-08T16:51:18.642999,input1
573,user_573,785,2026-04-08T16:51:19.642999,input1
574,user_574,251,2026-04-08T16:51:20.642999,input1
575,user_575,415,2026-04-08T16:51:21.642999,input1
576,user_576,895,2026-04-08T16:51:22.642999,input1
577,user_577,211,2026-04-08T16:51:23.642999,input1
578,user_578,735,2026-04-08T16:51:24.642999,input1
579,user_579,944,2026-04-08T16:51:25.642999,input1
580,user_580,907,2026-04-08T16:51:26.642999,input1
581,user_581,541,2026-04-08T16:51:27.642999,input1
582,user_582,966,2026-04-08T16:51:28.642999,input1
583,user_583,872,2026-04-08T16:51:29.642999,input1
584,user_584,105,2026-04-08T16:51:30.642999,input1
585,user_585,553,2026-04-08T16:51:31.642999,input1
586,user_586,341,2026-04-08T16:51:32.642999,input1
587,user_587,518,2026-04-08T16:51:33.642999,input1
588,user_588,752,2026-04-08T16:51:34.642999,input1
589,user_589,578,2026-04-08T16:51:35.642999,input1
590,user_590,999,2026-04-08T16:51:36.642999,input1
591,user_591,709,2026-04-08T16:51:37.642999,input1
592,user_592,147,2026-04-08T16:51:38.642999,input1
593,user_593,184,2026-04-08T16:51:39.642999,input1
594,user_594,733,2026-04-08T16:51:40.642999,input1
595,user_595,410,2026-04-08T16:51:41.642999,input1
596,user_596,270,2026-04-08T16:51:42.642999,input1
597,user_597,363,2026-04-08T16:51:43.642999,input1
598,user_598,895,2026-04-08T16:51:44.642999,input1
599,user_599,173,2026-04-08T16:51:45.642999,input1
600,user_600,648,2026-04-08T16:51:46.642999,input1
601,user_601,636,2026-04-08T16:51:47.642999,input1
602,user_602,365,2026-04-08T16:51:48.642999,input1
603,user_603,261,2026-04-08T16:51:49.642999,input1
604,user_604,765,2026-04-08T16:51:50.642999,input1
605,user_605,344,2026-04-08T16:51:51.642999,input1
606,user_606,985,2026-04-08T16:51:52.642999,input1
607,user_607,223,2026-04-08T16:51:53.642999,input1
608,user_608,112,2026-04-08T16:51:54.642999,input1
609,user_609,262,2026-04-08T16:51:55.642999,input1
610,user_610,607,2026-04-08T16:51:56.642999,input1
611,user_611,246,2026-04-08T16:51:57.642999,input1
612,user_612,547,2026-04-08T16:51:58.642999,input1
613,user_613,211,2026-04-08T16:51:59.642999,input1
614,user_614,563,2026-04-08T16:52:00.642999,input1
615,user_615,203,2026-04-08T16:52:01.642999,input1
616,user_616,788,2026-04-08T16:52:02.642999,input1
617,user_617,828,2026-04-08T16:52:03.642999,input1
618,user_618,179,2026-04-08T16:52:04.642999,input1
619,user_619,893,2026-04-08T16:52:05.642999,input1
620,user_620,599,2026-04-08T16:52:06.642999,input1
621,user_621,782,2026-04-08T16:52:07.642999,input1
622,user_622,710,2026-04-08T16:52:08.642999,input1
623,user_623,630,2026-04-08T16:52:09.642999,input1
624,user_624,563,2026-04-08T16:52:10.642999,input1
625,user_625,623,2026-04-08T16:52:11.642999,input1
626,user_626,250,2026-04-08T16:52:12.642999,input1
627,user_627,492,2026-04-08T16:52:13.642999,input1
628,user_628,644,2026-04-08T16:52:14.642999,input1
629,user_629,324,2026-04-08T16:52:15.642999,input1
630,user_630,607,2026-04-08T16:52:16.642999,input1
631,user_631,688,2026-04-08T16:52:17.642999,input1
632,user_632,191,2026-04-08T16:52:18.642999,input1
633,user_633,256,2026-04-08T16:52:19.642999,input1
634,user_634,887,2026-04-08T16:52:20.642999,input1
635,user_635,913,2026-04-08T16:52:21.642999,input1
636,user_636,710,2026-04-08T16:52:22.642999,input1
637,user_637,198,2026-04-08T16:52:23.642999,input1
638,user_638,560,2026-04-08T16:52:24.642999,input1
639,user_639,187,2026-04-08T16:52:25.642999,input1
640,user_640,744,2026-04-08T16:52:26.642999,input1
641,user_641,791,2026-04-08T16:52:27.642999,input1
642,user_642,629,2026-04-08T16:52:28.642999,input1
643,user_643,355,2026-04-08T16:52:29.642999,input1
644,user_644,148,2026-04-08T16:52:30.642999,input1
645,user_645,979,2026-04-08T16:52:31.642999,input1
646,user_646,481,2026-04-08T16:52:32.642999,input1
647,user_647,654,2026-04-08T16:52:33.642999,input1
648,user_648,399,2026-04-08T16:52:34.642999,input1
649,user_649,543,2026-04-08T16:52:35.642999,input1
650,user_650,530,2026-04-08T16:52:36.642999,input1
651,user_651,755,2026-04-08T16:52:37.642999,input1
652,user_652,444,2026-04-08T16:52:38.642999,input1
653,user_653,960,2026-04-08T16:52:39.642999,input1
654,user_654,176,2026-04-08T16:52:40.642999,input1
655,user_655,368,2026-04-08T16:52:41.642999,input1
656,user_656,598,2026-04-08T16:52:42.642999,input1
657,user_657,470,2026-04-08T16:52:43.642999,input1
658,user_658,225,2026-04-08T16:52:44.642999,input1
659,user_659,982,2026-04-08T16:52:45.642999,input1
660,user_660,924,2026-04-08T16:52:46.642999,input1
661,user_661,550,2026-04-08T16:52:47.642999,input1
662,user_662,406,2026-04-08T16:52:48.642999,input1
663,user_663,932,2026-04-08T16:52:49.642999,input1
664,user_664,737,2026-04-08T16:52:50.642999,input1
665,user_665,434,2026-04-08T16:52:51.642999,input1
666,user_666,899,2026-04-08T16:52:52.642999,input1
667,user_667,884,2026-04-08T16:52:53.642999,input1
668,user_668,102,2026-04-08T16:52:54.642999,input1
669,user_669,321,2026-04-08T16:52:55.642999,input1
670,user_670,740,2026-04-08T16:52:56.642999,input1
671,user_671,169,2026-04-08T16:52:57.642999,input1
672,user_672,665,2026-04-08T16:52:58.642999,input1
673,user_673,717,2026-04-08T16:52:59.642999,input1
674,user_674,281,2026-04-08T16:53:00.642999,input1
675,user_675,775,2026-04-08T16:53:01.642999,input1
676,user_676,797,2026-04-08T16:53:02.642999,input1
677,user_677,141,2026-04-08T16:53:03.642999,input1
678,user_678,693,2026-04-08T16:53:04.642999,input1
679,user_679,657,2026-04-08T16:53:05.642999,input1
680,user_680,306,2026-04-08T16:53:06.642999,input1
681,user_681,818,2026-04-08T16:53:07.642999,input1
682,user_682,557,2026-04-08T16:53:08.642999,input1
683,user_683,288,2026-04-08T16:53:09.642999,input1
684,user_684,188,2026-04-08T16:53:10.642999,input1
685,user_685,198,2026-04-08T16:53:11.642999,input1
686,user_686,372,2026-04-08T16:53:12.642999,input1
687,user_687,771,2026-04-08T16:53:13.642999,input1
688,user_688,603,2026-04-08T16:53:14.642999,input1
689,user_689,696,2026-04-08T16:53:15.642999,input1
690,user_690,170,2026-04-08T16:53:16.642999,input1
691,user_691,545,2026-04-08T16:53:17.642999,input1
692,user_692,412,2026-04-08T16:53:18.642999,input1
693,user_693,645,2026-04-08T16:53:19.642999,input1
694,user_694,472,2026-04-08T16:53:20.642999,input1
695,user_695,134,2026-04-08T16:53:21.642999,input1
696,user_696,803,2026-04-08T16:53:22.642999,input1
697,user_697,638,2026-04-08T16:53:23.642999,input1
698,user_698,185,2026-04-08T16:53:24.642999,input1
699,user_699,163,2026-04-08T16:53:25.642999,input1
700,user_700,341,2026-04-08T16:53:26.642999,input1
701,user_701,711,2026-04-08T16:53:27.642999,input1
702,user_702,897,2026-04-08T16:53:28.642999,input1
703,user_703,535,2026-04-08T16:53:29.642999,input1
704,user_704,974,2026-04-08T16:53:30.642999,input1
705,user_705,804,2026-04-08T16:53:31.642999,input1
706,user_706,587,2026-04-08T16:53:32.642999,input1
707,user_707,995,2026-04-08T16:53:33.642999,input1
708,user_708,237,2026-04-08T16:53:34.642999,input1
709,user_709,438,2026-04-08T16:53:35.642999,input1
710,user_710,585,2026-04-08T16:53:36.642999,input1
711,user_711,752,2026-04-08T16:53:37.642999,input1
712,user_712,481,2026-04-08T16:53:38.642999,input1
713,user_713,476,2026-04-08T16:53:39.642999,input1
714,user_714,464,2026-04-08T16:53:40.642999,input1
715,user_715,699,2026-04-08T16:53:41.642999,input1
716,user_716,321,2026-04-08T16:53:42.642999,input1
717,user_717,486,2026-04-08T16:53:43.642999,input1
718,user_718,825,2026-04-08T16:53:44.642999,input1
719,user_719,438,2026-04-08T16:53:45.642999,input1
720,user_720,990,2026-04-08T16:53:46.642999,input1
721,user_721,367,2026-04-08T16:53:47.642999,input1
722,user_722,943,2026-04-08T16:53:48.642999,input1
723,user_723,797,2026-04-08T16:53:49.642999,input1
724,user_724,211,2026-04-08T16:53:50.642999,input1
725,user_725,407,2026-04-08T16:53:51.642999,input1
726,user_726,584,2026-04-08T16:53:52.642999,input1
727,user_727,715,2026-04-08T16:53:53.642999,input1
728,user_728,331,2026-04-08T16:53:54.642999,input1
729,user_729,264,2026-04-08T16:53:55.642999,input1
730,user_730,670,2026-04-08T16:53:56.642999,input1
731,user_731,474,2026-04-08T16:53:57.642999,input1
732,user_732,112,2026-04-08T16:53:58.642999,input1
733,user_733,532,2026-04-08T16:53:59.642999,input1
734,user_734,131,2026-04-08T16:54:00.642999,input1
735,user_735,878,2026-04-08T16:54:01.642999,input1
736,user_736,682,2026-04-08T16:54:02.642999,input1
737,user_737,110,2026-04-08T16:54:03.642999,input1
738,user_738,460,2026-04-08T16:54:04.642999,input1
739,user_739,366,2026-04-08T16:54:05.642999,input1
740,user_740,859,2026-04-08T16:54:06.642999,input1
741,user_741,680,2026-04-08T16:54:07.642999,input1
742,user_742,148,2026-04-08T16:54:08.642999,input1
743,user_743,903,2026-04-08T16:54:09.642999,input1
744,user_744,561,2026-04-08T16:54:10.642999,input1
745,user_745,259,2026-04-08T16:54:11.642999,input1
746,user_746,315,2026-04-08T16:54:12.642999,input1
747,user_747,874,2026-04-08T16:54:13.642999,input1
748,user_748,235,2026-04-08T16:54:14.642999,input1
749,user_749,555,2026-04-08T16:54:15.642999,input1
750,user_750,176,2026-04-08T16:54:16.642999,input1
751,user_751,560,2026-04-08T16:54:17.642999,input1
752,user_752,754,2026-04-08T16:54:18.642999,input1
753,user_753,545,2026-04-08T16:54:19.642999,input1
754,user_754,382,2026-04-08T16:54:20.642999,input1
755,user_755,738,2026-04-08T16:54:21.642999,input1
756,user_756,236,2026-04-08T16:54:22.642999,input1
757,user_757,288,2026-04-08T16:54:23.642999,input1
758,user_758,883,2026-04-08T16:54:24.642999,input1
759,user_759,462,2026-04-08T16:54:25.642999,input1
760,user_760,974,2026-04-08T16:54:26.642999,input1
761,user_761,131,2026-04-08T16:54:27.642999,input1
762,user_762,285,2026-04-08T16:54:28.642999,input1
763,user_763,684,2026-04-08T16:54:29.642999,input1
764,user_764,628,2026-04-08T16:54:30.642999,input1
765,user_765,123,2026-04-08T16:54:31.642999,input1
766,user_766,524,2026-04-08T16:54:32.642999,input1
767,user_767,288,2026-04-08T16:54:33.642999,input1
768,user_768,349,2026-04-08T16:54:34.642999,input1
769,user_769,895,2026-04-08T16:54:35.642999,input1
770,user_770,412,2026-04-08T16:54:36.642999,input1
771,user_771,795,2026-04-08T16:54:37.642999,input1
772,user_772,204,2026-04-08T16:54:38.642999,input1
773,user_773,252,2026-04-08T16:54:39.642999,input1
774,user_774,970,2026-04-08T16:54:40.642999,input1
775,user_775,772,2026-04-08T16:54:41.642999,input1
776,user_776,661,2026-04-08T16:54:42.642999,input1
777,user_777,257,2026-04-08T16:54:43.642999,input1
778,user_778,602,2026-04-08T16:54:44.642999,input1
779,user_779,676,2026-04-08T16:54:45.642999,input1
780,user_780,880,2026-04-08T16:54:46.642999,input1
781,user_781,513,2026-04-08T16:54:47.642999,input1
782,user_782,215,2026-04-08T16:54:48.642999,input1
783,user_783,301,2026-04-08T16:54:49.642999,input1
784,user_784,635,2026-04-08T16:54:50.642999,input1
785,user_785,975,2026-04-08T16:54:51.642999,input1
786,user_786,378,2026-04-08T16:54:52.642999,input1
787,user_787,340,2026-04-08T16:54:53.642999,input1
788,user_788,101,2026-04-08T16:54:54.642999,input1
789,user_789,678,2026-04-08T16:54:55.642999,input1
790,user_790,574,2026-04-08T16:54:56.642999,input1
791,user_791,105,2026-04-08T16:54:57.642999,input1
792,user_792,807,2026-04-08T16:54:58.642999,input1
793,user_793,124,2026-04-08T16:54:59.642999,input1
794,user_794,247,2026-04-08T16:55:00.642999,input1
795,user_795,537,2026-04-08T16:55:01.642999,input1
796,user_796,587,2026-04-08T16:55:02.642999,input1
797,user_797,744,2026-04-08T16:55:03.642999,input1
798,user_798,679,2026-04-08T16:55:04.642999,input1
799,user_799,753,2026-04-08T16:55:05.642999,input1
800,user_800,229,2026-04-08T16:55:06.642999,input1
801,user_801,575,2026-04-08T16:55:07.642999,input1
802,user_802,168,2026-04-08T16:55:08.642999,input1
803,user_803,157,2026-04-08T16:55:09.642999,input1
804,user_804,348,2026-04-08T16:55:10.642999,input1
805,user_805,436,2026-04-08T16:55:11.642999,input1
806,user_806,106,2026-04-08T16:55:12.642999,input1
807,user_807,164,2026-04-08T16:55:13.642999,input1
808,user_808,930,2026-04-08T16:55:14.642999,input1
809,user_809,749,2026-04-08T16:55:15.642999,input1
810,user_810,471,2026-04-08T16:55:16.642999,input1
811,user_811,593,2026-04-08T16:55:17.642999,input1
812,user_812,122,2026-04-08T16:55:18.642999,input1
813,user_813,482,2026-04-08T16:55:19.642999,input1
814,user_814,529,2026-04-08T16:55:20.642999,input1
815,user_815,504,2026-04-08T16:55:21.642999,input1
816,user_816,234,2026-04-08T16:55:22.642999,input1
817,user_817,327,2026-04-08T16:55:23.642999,input1
818,user_818,234,2026-04-08T16:55:24.642999,input1
819,user_819,528,2026-04-08T16:55:25.642999,input1
820,user_820,324,2026-04-08T16:55:26.642999,input1
821,user_821,845,2026-04-08T16:55:27.642999,input1
822,user_822,329,2026-04-08T16:55:28.642999,input1
823,user_823,789,2026-04-08T16:55:29.642999,input1
824,user_824,232,2026-04-08T16:55:30.642999,input1
825,user_825,954,2026-04-08T16:55:31.642999,input1
826,user_826,194,2026-04-08T16:55:32.642999,input1
827,user_827,927,2026-04-08T16:55:33.642999,input1
828,user_828,584,2026-04-08T16:55:34.642999,input1
829,user_829,925,2026-04-08T16:55:35.642999,input1
830,user_830,277,2026-04-08T16:55:36.642999,input1
831,user_831,556,2026-04-08T16:55:37.642999,input1
832,user_832,185,2026-04-08T16:55:38.642999,input1
833,user_833,178,2026-04-08T16:55:39.642999,input1
834,user_834,476,2026-04-08T16:55:40.642999,input1
835,user_835,232,2026-04-08T16:55:41.642999,input1
836,user_836,480,2026-04-08T16:55:42.642999,input1
837,user_837,950,2026-04-08T16:55:43.642999,input1
838,user_838,842,2026-04-08T16:55:44.642999,input1
839,user_839,803,2026-04-08T16:55:45.642999,input1
840,user_840,814,2026-04-08T16:55:46.642999,input1
841,user_841,557,2026-04-08T16:55:47.642999,input1
842,user_842,958,2026-04-08T16:55:48.642999,input1
843,user_843,372,2026-04-08T16:55:49.642999,input1
844,user_844,204,2026-04-08T16:55:50.642999,input1
845,user_845,134,2026-04-08T16:55:51.642999,input1
846,user_846,322,2026-04-08T16:55:52.642999,input1
847,user_847,836,2026-04-08T16:55:53.642999,input1
848,user_848,471,2026-04-08T16:55:54.642999,input1
849,user_849,760,2026-04-08T16:55:55.642999,input1
850,user_850,114,2026-04-08T16:55:56.642999,input1
851,user_851,258,2026-04-08T16:55:57.642999,input1
852,user_852,513,2026-04-08T16:55:58.642999,input1
853,user_853,323,2026-04-08T16:55:59.642999,input1
854,user_854,457,2026-04-08T16:56:00.642999,input1
855,user_855,815,2026-04-08T16:56:01.642999,input1
856,user_856,781,2026-04-08T16:56:02.642999,input1
857,user_857,662,2026-04-08T16:56:03.642999,input1
858,user_858,861,2026-04-08T16:56:04.642999,input1
859,user_859,355,2026-04-08T16:56:05.642999,input1
860,user_860,289,2026-04-08T16:56:06.642999,input1
861,user_861,135,2026-04-08T16:56:07.642999,input1
862,user_862,699,2026-04-08T16:56:08.642999,input1
863,user_863,668,2026-04-08T16:56:09.642999,input1
864,user_864,168,2026-04-08T16:56:10.642999,input1
865,user_865,559,2026-04-08T16:56:11.642999,input1
866,user_866,602,2026-04-08T16:56:12.642999,input1
867,user_867,159,2026-04-08T16:56:13.642999,input1
868,user_868,535,2026-04-08T16:56:14.642999,input1
869,user_869,243,2026-04-08T16:56:15.642999,input1
870,user_870,395,2026-04-08T16:56:16.642999,input1
871,user_871,246,2026-04-08T16:56:17.642999,input1
872,user_872,596,2026-04-08T16:56:18.642999,input1
873,user_873,931,2026-04-08T16:56:19.642999,input1
874,user_874,137,2026-04-08T16:56:20.642999,input1
875,user_875,433,2026-04-08T16:56:21.642999,input1
876,user_876,729,2026-04-08T16:56:22.642999,input1
877,user_877,124,2026-04-08T16:56:23.642999,input1
878,user_878,989,2026-04-08T16:56:24.642999,input1
879,user_879,708,2026-04-08T16:56:25.642999,input1
880,user_880,505,2026-04-08T16:56:26.642999,input1
881,user_881,968,2026-04-08T16:56:27.642999,input1
882,user_882,284,2026-04-08T16:56:28.642999,input1
883,user_883,428,2026-04-08T16:56:29.642999,input1
884,user_884,655,2026-04-08T16:56:30.642999,input1
885,user_885,306,2026-04-08T16:56:31.642999,input1
886,user_886,572,2026-04-08T16:56:32.642999,input1
887,user_887,763,2026-04-08T16:56:33.642999,input1
888,user_888,945,2026-04-08T16:56:34.642999,input1
889,user_889,131,2026-04-08T16:56:35.642999,input1
890,user_890,651,2026-04-08T16:56:36.642999,input1
891,user_891,411,2026-04-08T16:56:37.642999,input1
892,user_892,468,2026-04-08T16:56:38.642999,input1
893,user_893,580,2026-04-08T16:56:39.642999,input1
894,user_894,511,2026-04-08T16:56:40.642999,input1
895,user_895,669,2026-04-08T16:56:41.642999,input1
896,user_896,646,2026-04-08T16:56:42.642999,input1
897,user_897,493,2026-04-08T16:56:43.642999,input1
898,user_898,564,2026-04-08T16:56:44.642999,input1
899,user_899,974,2026-04-08T16:56:45.642999,input1
900,user_900,488,2026-04-08T16:56:46.642999,input1
901,user_901,292,2026-04-08T16:56:47.642999,input1
902,user_902,703,2026-04-08T16:56:48.642999,input1
903,user_903,237,2026-04-08T16:56:49.642999,input1
904,user_904,551,2026-04-08T16:56:50.642999,input1
905,user_905,375,2026-04-08T16:56:51.642999,input1
906,user_906,677,2026-04-08T16:56:52.642999,input1
907,user_907,506,2026-04-08T16:56:53.642999,input1
908,user_908,564,2026-04-08T16:56:54.642999,input1
909,user_909,547,2026-04-08T16:56:55.642999,input1
910,user_910,435,2026-04-08T16:56:56.642999,input1
911,user_911,348,2026-04-08T16:56:57.642999,input1
912,user_912,347,2026-04-08T16:56:58.642999,input1
913,user_913,767,2026-04-08T16:56:59.642999,input1
914,user_914,709,2026-04-08T16:57:00.642999,input1
915,user_915,453,2026-04-08T16:57:01.642999,input1
916,user_916,444,2026-04-08T16:57:02.642999,input1
917,user_917,594,2026-04-08T16:57:03.642999,input1
918,user_918,338,2026-04-08T16:57:04.642999,input1
919,user_919,121,2026-04-08T16:57:05.642999,input1
920,user_920,649,2026-04-08T16:57:06.642999,input1
921,user_921,194,2026-04-08T16:57:07.642999,input1
922,user_922,940,2026-04-08T16:57:08.642999,input1
923,user_923,165,2026-04-08T16:57:09.642999,input1
924,user_924,635,2026-04-08T16:57:10.642999,input1
925,user_925,206,2026-04-08T16:57:11.642999,input1
926,user_926,838,2026-04-08T16:57:12.642999,input1
927,user_927,403,2026-04-08T16:57:13.642999,input1
928,user_928,331,2026-04-08T16:57:14.642999,input1
929,user_929,551,2026-04-08T16:57:15.642999,input1
930,user_930,853,2026-04-08T16:57:16.642999,input1
931,user_931,602,2026-04-08T16:57:17.642999,input1
932,user_932,544,2026-04-08T16:57:18.642999,input1
933,user_933,399,2026-04-08T16:57:19.642999,input1
934,user_934,710,2026-04-08T16:57:20.642999,input1
935,user_935,149,2026-04-08T16:57:21.642999,input1
936,user_936,889,2026-04-08T16:57:22.642999,input1
937,user_937,228,2026-04-08T16:57:23.642999,input1
938,user_938,960,2026-04-08T16:57:24.642999,input1
939,user_939,699,2026-04-08T16:57:25.642999,input1
940,user_940,141,2026-04-08T16:57:26.642999,input1
941,user_941,921,2026-04-08T16:57:27.642999,input1
942,user_942,706,2026-04-08T16:57:28.642999,input1
943,user_943,869,2026-04-08T16:57:29.642999,input1
944,user_944,516,2026-04-08T16:57:30.642999,input1
945,user_945,967,2026-04-08T16:57:31.642999,input1
946,user_946,838,2026-04-08T16:57:32.642999,input1
947,user_947,326,2026-04-08T16:57:33.642999,input1
948,user_948,273,2026-04-08T16:57:34.642999,input1
949,user_949,301,2026-04-08T16:57:35.642999,input1
950,user_950,403,2026-04-08T16:57:36.642999,input1
951,user_951,737,2026-04-08T16:57:37.642999,input1
952,user_952,545,2026-04-08T16:57:38.642999,input1
953,user_953,915,2026-04-08T16:57:39.642999,input1
954,user_954,153,2026-04-08T16:57:40.642999,input1
955,user_955,685,2026-04-08T16:57:41.642999,input1
956,user_956,392,2026-04-08T16:57:42.642999,input1
957,user_957,218,2026-04-08T16:57:43.642999,input1
958,user_958,564,2026-04-08T16:57:44.642999,input1
959,user_959,146,2026-04-08T16:57:45.642999,input1
960,user_960,116,2026-04-08T16:57:46.642999,input1
961,user_961,561,2026-04-08T16:57:47.642999,input1
962,user_962,689,2026-04-08T16:57:48.642999,input1
963,user_963,171,2026-04-08T16:57:49.642999,input1
964,user_964,809,2026-04-08T16:57:50.642999,input1
965,user_965,560,2026-04-08T16:57:51.642999,input1
966,user_966,801,2026-04-08T16:57:52.642999,input1
967,user_967,601,2026-04-08T16:57:53.642999,input1
968,user_968,644,2026-04-08T16:57:54.642999,input1
969,user_969,749,2026-04-08T16:57:55.642999,input1
970,user_970,925,2026-04-08T16:57:56.642999,input1
971,user_971,970,2026-04-08T16:57:57.642999,input1
972,user_972,283,2026-04-08T16:57:58.642999,input1
973,user_973,703,2026-04-08T16:57:59.642999,input1
974,user_974,555,2026-04-08T16:58:00.642999,input1
975,user_975,518,2026-04-08T16:58:01.642999,input1
976,user_976,492,2026-04-08T16:58:02.642999,input1
977,user_977,838,2026-04-08T16:58:03.642999,input1
978,user_978,223,2026-04-08T16:58:04.642999,input1
979,user_979,645,2026-04-08T16:58:05.642999,input1
980,user_980,448,2026-04-08T16:58:06.642999,input1
981,user_981,895,2026-04-08T16:58:07.642999,input1
982,user_982,761,2026-04-08T16:58:08.642999,input1
983,user_983,931,2026-04-08T16:58:09.642999,input1
984,user_984,164,2026-04-08T16:58:10.642999,input1
985,user_985,276,2026-04-08T16:58:11.642999,input1
986,user_986,509,2026-04-08T16:58:12.642999,input1
987,user_987,214,2026-04-08T16:58:13.642999,input1
988,user_988,501,2026-04-08T16:58:14.642999,input1
989,user_989,702,2026-04-08T16:58:15.642999,input1
990,user_990,575,2026-04-08T16:58:16.642999,input1
991,user_991,317,2026-04-08T16:58:17.642999,input1
992,user_992,764,2026-04-08T16:58:18.642999,input1
993,user_993,491,2026-04-08T16:58:19.642999,input1
994,user_994,900,2026-04-08T16:58:20.642999,input1
995,user_995,484,2026-04-08T16:58:21.642999,input1
996,user_996,706,2026-04-08T16:58:22.642999,input1
997,user_997,590,2026-04-08T16:58:23.642999,input1
998,user_998,924,2026-04-08T16:58:24.642999,input1
999,user_999,286,2026-04-08T16:58:25.642999,input1
1000,user_1000,773,2026-04-08T16:58:26.642999,input1
